"type","value","source"
"domain","atlanticos.site","public"
"url","http://inula.ru/HmGzHUg/vwEqNrh/index.html","public"
"hash_sha256","d5d080a96b716e90ec74b1de5f42f26237ac959da9af7d09cce2548b5fc4473d","public"
"hash_sha256","36ed18f16e5d279ec11da50bd4f0024edc234cccbd8a21e76abcfc44e2d08ff2","public"
"domain","spr-d4.ddns.net","public"
"ip","185.248.100.104","public"
"ip","142.93.110.250","public"
"ip","195.62.53.158","public"
"url","http://word-expert.online/september/jtfqxxhzqaw.dot","public"
"url","http://email-smtp.online/sequence/hjnerkXCXrc.dot","public"
"domain","absinthiuma.xyz","public"
"domain","acantholyda.ru","public"
"domain","account-google.site","public"
"domain","admin-gmail.online","public"
"domain","agamat.xyz","public"
"domain","alligatori.xyz","public"
"domain","ambystoma.xyz","public"
"domain","anisoptera.ru","public"
"domain","apidaet.ru","public"
"domain","apusa.xyz","public"
"domain","archaicus.ru","public"
"domain","arctiidae.ru","public"
"domain","arnicad.xyz","public"
"domain","assasysa.online","public"
"domain","attachments.pw","public"
"domain","attachments.website","public"
"domain","babylont.ru","public"
"domain","balderdash.fun","public"
"domain","balderdash.host","public"
"domain","balderdash.space","public"
"domain","balderdash.website","public"
"domain","blaberidae.ru","public"
"domain","blockpost.space","public"
"domain","botaurus.ru","public"
"domain","burhinus.ru","public"
"domain","ciconiat.ru","public"
"domain","cinada.xyz","public"
"domain","clupeonella.ru","public"
"domain","coliadinae.ru","public"
"domain","colisa.xyz","public"
"domain","coluber.xyz","public"
"domain","constrictor.xyz","public"
"domain","corvusi.ru","public"
"domain","cultiventris.ru","public"
"domain","deadpool.pw","public"
"domain","dividere.ru","public"
"domain","dnipro-kyiv.site","public"
"domain","downloadfiles.website","public"
"domain","duboisia.xyz","public"
"domain","elaphe.xyz","public"
"domain","email-inbox.site","public"
"domain","email-info.online","public"
"domain","emailinfo.site","public"
"domain","emysi.ru","public"
"domain","eryxis.ru","public"
"domain","eurypterida.ru","public"
"domain","extrado.ru","public"
"domain","exundare.ru","public"
"domain","eyeofra.online","public"
"domain","fasciolas.ru","public"
"domain","file-attach.pro","public"
"domain","file-attach.pw","public"
"domain","fnrn.online","public"
"domain","googlefiles.site","public"
"domain","haplochromis.ru","public"
"domain","hippoglossus.ru","public"
"domain","incursus.ru","public"
"domain","intumescere.ru","public"
"domain","khpf.online","public"
"domain","tnoi.online","public"
"domain","100hit.ru","public"
"domain","288706-ce34203.tmweb.ru","public"
"domain","abdurs.space","public"
"domain","abrumpere.online","public"
"domain","abrumpere.ru","public"
"domain","acetica.online","public"
"domain","acrididae.ru","public"
"domain","actor-tv.ddns.net","public"
"domain","admin-ru.ru","public"
"domain","adobe.update-service.net","public"
"domain","advansed-template.site","public"
"domain","aidoona.online","public"
"domain","alenko.site","public"
"domain","alenko.website","public"
"domain","anolis.ru","public"
"domain","apaturinae.ru","public"
"domain","apploadapp.webhop.me","public"
"domain","area-tv.hopto.org","public"
"domain","armaruru.ddns.net","public"
"domain","asdfaws.myddns.me","public"
"domain","asdik-ero.hopto.org","public"
"domain","attach.website","public"
"domain","awdrgyjilqse.online","public"
"domain","b-class.ddns.net","public"
"domain","babir.bounceme.net","public"
"domain","babitors.myftp.biz","public"
"domain","baby-tv.ddns.net","public"
"domain","bambinos.bounceme.net","public"
"domain","barathrum.space","public"
"domain","barildan.space","public"
"domain","basik.freedynamicdns.org","public"
"domain","bbtt.site","public"
"domain","bbtt.website","public"
"domain","beercraft.fun","public"
"domain","beercraft.space","public"
"domain","beercraft.website","public"
"domain","belkus.bounceme.net","public"
"domain","beriuatcj.hopto.org","public"
"domain","biotic.space","public"
"domain","biotic.website","public"
"domain","birbas.hopto.org","public"
"domain","bit-rnbo.ddns.net","public"
"domain","bitclass.ddns.net","public"
"domain","bitlocker.ddns.net","public"
"domain","bitqueshions.ddns.net","public"
"domain","bitread.ddns.net","public"
"domain","bits-mars.fun","public"
"domain","bits-mars.info","public"
"domain","bits-mars.site","public"
"domain","bits-mars.space","public"
"domain","bits-mars.website","public"
"domain","bits-tor.fun","public"
"domain","bits-tor.site","public"
"domain","bits-tor.space","public"
"domain","bits-tor.website","public"
"domain","bitsadmin.ddns.net","public"
"domain","bitsadmin.space","public"
"domain","bitsadmin1.space","public"
"domain","bitupd.ddns.net","public"
"domain","bitvers.ddns.net","public"
"domain","bitwork.ddns.net","public"
"domain","bizavto.myftp.org","public"
"domain","borigl.space","public"
"domain","borzoy-tv.ddns.net","public"
"domain","brokbridge.com","public"
"domain","brousework.ddns.net","public"
"domain","browser-update.website","public"
"domain","callitris.space","public"
"domain","caprjhjkqwer.hopto.org","public"
"domain","carambol-oru.ddns.net","public"
"domain","carefulparents.ru","public"
"domain","cartu.myftp.org","public"
"domain","cash-libre.3utilities.com","public"
"domain","cash-office.3utilities.com","public"
"domain","cash-word.3utilities.com","public"
"domain","casopruy.myftp.org","public"
"domain","cat.gotdns.ch","public"
"domain","ceragenixdiffusion.xyz","public"
"domain","cerebro.website","public"
"domain","ceredukos.hopto.org","public"
"domain","cereffiopas.hopto.org","public"
"domain","certerasdfuj.hopto.org","public"
"domain","certificate-verif.ddns.net","public"
"domain","ceyudfg.hopto.org","public"
"domain","check-browser.site","public"
"domain","check-update.ru","public"
"domain","checkhurl.fun","public"
"domain","checkhurl.info","public"
"domain","checkhurl.site","public"
"domain","checkhurl.space","public"
"domain","checkhurl.website","public"
"domain","childrights.in.ua","public"
"domain","chrome-update.ddns.net","public"
"domain","cioasdg.hopto.org","public"
"domain","cleaners.fun","public"
"domain","clsass.ddns.net","public"
"domain","codfgsdf.hopto.org","public"
"domain","codfjert.myftp.org","public"
"domain","conhost.myftp.org","public"
"domain","connect-updates.ddns.net","public"
"domain","connets.ddns.net","public"
"domain","const-gov.ddns.net","public"
"domain","constructor-word.ddns.net","public"
"domain","coprtyuqw.hopto.org","public"
"domain","cornelius.website","public"
"domain","cosdfghdf.hopto.org","public"
"domain","cozsdv.hopto.org","public"
"domain","cozxcgbx.myftp.org","public"
"domain","cpasah.hopto.org","public"
"domain","cpozsxcgbxf.myftp.org","public"
"domain","creative-office.ddns.net","public"
"domain","cretors.ddns.net","public"
"domain","cron-redic.ddns.net","public"
"domain","crons.ddns.net","public"
"domain","ctert.myftp.org","public"
"domain","cubeba.space","public"
"domain","cudawer.hopto.org","public"
"domain","cudrg.myftp.org","public"
"domain","cufjdfge.myftp.org","public"
"domain","cuiasef.myftp.org","public"
"domain","curt.hopto.org","public"
"domain","cyberworld.host","public"
"domain","cyberworld.website","public"
"domain","cyrestinae.ru","public"
"domain","d-o.ddns.net","public"
"domain","dataoffice.zapto.org","public"
"domain","debian.freedynamicdns.org","public"
"domain","decos.hopto.org","public"
"domain","deloperaw.bounceme.net","public"
"domain","demiurg.fun","public"
"domain","demiurg.site","public"
"domain","demiurg.space","public"
"domain","demiurg.website","public"
"domain","dep-esdh.kum.dk","public"
"domain","device-update.ddns.net","public"
"domain","differre.ru","public"
"domain","dikolap.myftp.biz","public"
"domain","dilana.space","public"
"domain","din-work.gotdns.ch","public"
"domain","dipteran.ru","public"
"domain","disjungere.ru","public"
"domain","diversiformis.ru","public"
"domain","docdownload.ddns.net","public"
"domain","dochlist.hopto.org","public"
"domain","doctorrr.space","public"
"domain","document-listing.ddns.net","public"
"domain","document-out.ddns.net","public"
"domain","document-out.hopto.org","public"
"domain","document-write.ddns.net","public"
"domain","document.freedynamicdns.org","public"
"domain","dominikanos.hopto.org","public"
"domain","dopnet.freedynamicdns.org","public"
"domain","down-vv.ddns.net","public"
"domain","downloads.email-attachments.ru","public"
"domain","downloads.file-attachments.ru","public"
"domain","dr01.ddns.net","public"
"domain","dr02.ddns.net","public"
"domain","drivegoogle.site","public"
"domain","drop-new.ddns.net","public"
"domain","drop-news.ddns.net","public"
"domain","dropdrop.ddns.net","public"
"domain","droper-sp.ddns.net","public"
"domain","droper-spr.ddns.net","public"
"domain","droper-spread.ddns.net","public"
"domain","droper.ddns.net","public"
"domain","dropius.ddns.net","public"
"domain","dropper.crimea.com","public"
"domain","dropper01.crimea.com","public"
"domain","drovka.space","public"
"domain","dukawertus.hopto.org","public"
"domain","duktas-dde.ddns.net","public"
"domain","dyndownload.serveirc.com","public"
"domain","e.muravej.ua","public"
"domain","email-attachments.ru","public"
"domain","empusidae.ru","public"
"domain","en-p.ddns.net","public"
"domain","erecubas.hopto.org","public"
"domain","error-office.myftp.biz","public"
"domain","error-word.myftp.biz","public"
"domain","errors-analyses.ddns.net","public"
"domain","erythrina.space","public"
"domain","f0403793.xsph.ru","public"
"domain","factos.freedynamicdns.org","public"
"domain","fanniidae.ru","public"
"domain","farket.freedynamicdns.org","public"
"domain","federeal.3utilities.com","public"
"domain","felineus.ru","public"
"domain","feodal.bounceme.net","public"
"domain","feodosh.hopto.org","public"
"domain","feridonutop.myftp.org","public"
"domain","fidel.freedynamicdns.org","public"
"domain","file-attachments.ru","public"
"domain","filkos-tv.ddns.net","public"
"domain","firestarters.site","public"
"domain","first.freedynamicdns.org","public"
"domain","fix-template.site","public"
"domain","fixnight.xyz","public"
"domain","flash01.ddns.net","public"
"domain","forestac.site","public"
"domain","forestac.website","public"
"domain","forestac.xyz","public"
"domain","forkasimov.hopto.org","public"
"domain","freefiles.myftp.biz","public"
"domain","fsu01.ddns.net","public"
"domain","fulo-tv.ddns.net","public"
"domain","furion.space","public"
"domain","gameland.host","public"
"domain","gameland.space","public"
"domain","gamework.ddns.net","public"
"domain","gameworld.space","public"
"domain","gameworld.website","public"
"domain","gari-gt.gotdns.ch","public"
"domain","gereston.gotdns.ch","public"
"domain","geros.freedynamicdns.org","public"
"domain","gerotron.gotdns.ch","public"
"domain","gerotumans.myftp.org","public"
"domain","get-icons.ddns.net","public"
"domain","getclass.ddns.net","public"
"domain","geterotuks.hopto.org","public"
"domain","geters-tv.ddns.net","public"
"domain","getmyfile.webhop.me","public"
"domain","getro.bounceme.net","public"
"domain","getyuawer.myftp.biz","public"
"domain","gonepteryx.ru","public"
"domain","google-drive.ddns.net","public"
"domain","google-drive.site","public"
"domain","google-drop.ddns.net","public"
"domain","google-drp.ddns.net","public"
"domain","google-spread.hopto.org","public"
"domain","googlefiles.serveftp.com","public"
"domain","gr01.ddns.net","public"
"domain","gr02.ddns.net","public"
"domain","gr03.ddns.net","public"
"domain","graphosoma.ru","public"
"domain","grom56.ddns.net","public"
"domain","grom90.ddns.net","public"
"domain","gromphadorhina.ru","public"
"domain","haker.fun","public"
"domain","haker.host","public"
"domain","haker.space","public"
"domain","hanwha.hopto.org","public"
"domain","harpa.space","public"
"domain","hasuduwert.hopto.org","public"
"domain","hedim.myftp.biz","public"
"domain","hedriks.bounceme.net","public"
"domain","hellokasimka.hopto.org","public"
"domain","heristomuk.hopto.org","public"
"domain","herodukins.hopto.org","public"
"domain","hestomig.hopto.org","public"
"domain","heteroptera.ru","public"
"domain","hewasukis.hopto.org","public"
"domain","hidfes.bounceme.net","public"
"domain","hilos-tv.ddns.net","public"
"domain","himym.site","public"
"domain","himym.space","public"
"domain","hiodus.bounceme.net","public"
"domain","hirodomus.hopto.org","public"
"domain","history.freedynamicdns.org","public"
"domain","honvoi.hopto.org","public"
"domain","hotcat.freedynamicdns.org","public"
"domain","houtt.ru","public"
"domain","hres-tv.ddns.net","public"
"domain","hrome-update.ru","public"
"domain","hrome-updater.ru","public"
"domain","httpsnc.hopto.org","public"
"domain","hudos-tv.ddns.net","public"
"domain","hunda.3utilities.com","public"
"domain","hyoscyamus.ru","public"
"domain","immortals.site","public"
"domain","immortals.space","public"
"domain","immortals.website","public"
"domain","inbox-office.ddns.net","public"
"domain","inform.3utilities.com","public"
"domain","inform.bounceme.net","public"
"domain","inform.gotdns.ch","public"
"domain","internet-create.ddns.net","public"
"domain","internetcreate.ddns.net","public"
"domain","ip-server.freedynamicdns.net","public"
"domain","ironiya.ddns.net","public"
"domain","jaculusan.ru","public"
"domain","jateorrhiza.ru","public"
"domain","jdaeus.space","public"
"domain","jeera.space","public"
"domain","jgnatii.space","public"
"domain","jiga.freedynamicdns.org","public"
"domain","jikardo.myftp.org","public"
"domain","jikods.hopto.org","public"
"domain","jikolad.hopto.org","public"
"domain","jikoltew.myftp.biz","public"
"domain","jogara.space","public"
"domain","joka-tv.ddns.net","public"
"domain","jontap.xyz","public"
"domain","jordanella.xyz","public"
"domain","juncear.xyz","public"
"domain","kania-tau.space","public"
"domain","kara.3utilities.com","public"
"domain","karab.hopto.org","public"
"domain","karapuls.3utilities.com","public"
"domain","karasto01.ddns.net","public"
"domain","karatel.3utilities.com","public"
"domain","karikatos.hopto.org","public"
"domain","karimatus.3utilities.com","public"
"domain","karpa.bounceme.net","public"
"domain","kasdot.hopto.org","public"
"domain","kasidvk.3utilities.com","public"
"domain","kasim.freedynamicdns.org","public"
"domain","kasimka.freedynamicdns.org","public"
"domain","kasimovschmuck.hopto.org","public"
"domain","kasting.freedynamicdns.org","public"
"domain","kastoget.hopto.org","public"
"domain","katalisto01.ddns.net","public"
"domain","kavkazwork.ddns.net","public"
"domain","kelogir.myftp.biz","public"
"domain","kentes.hopto.org","public"
"domain","kilazurus.hopto.org","public"
"domain","kilewqrt.hopto.org","public"
"domain","kilosadwert.hopto.org","public"
"domain","kiloster.bounceme.net","public"
"domain","kilotrace.myftp.org","public"
"domain","kilsaduck.myftp.biz","public"
"domain","kinozavr.fun","public"
"domain","kinozavr.site","public"
"domain","kinozavr.space","public"
"domain","kinozavr.website","public"
"domain","kiodas.xyz","public"
"domain","kirasto.website","public"
"domain","kistas-tv.ddns.net","public"
"domain","kokoni.space","public"
"domain","koleran.xyz","public"
"domain","kolidus.gotdns.ch","public"
"domain","kolinstro.space","public"
"domain","koliorew.hopto.org","public"
"domain","kolyuwer.bounceme.net","public"
"domain","kopot.myftp.biz","public"
"domain","korneliuswork.ddns.net","public"
"domain","kornet-ua.ddns.net","public"
"domain","korogav.space","public"
"domain","kotl.space","public"
"domain","krameria.ru","public"
"domain","krembo.freedynamicdns.org","public"
"domain","kreps.hopto.org","public"
"domain","krepsonid.hopto.org","public"
"domain","krikorro.space","public"
"domain","kristo-ua.ddns.net","public"
"domain","kristoffer.hopto.org","public"
"domain","kristol.space","public"
"domain","kristom.hopto.org","public"
"domain","kristomen.myftp.org","public"
"domain","krossin.website","public"
"domain","krugotto.space","public"
"domain","ksevada.space","public"
"domain","ktr.freedynamicdns.org","public"
"domain","kutan.ddns.net","public"
"domain","l3ccd25c.justinstalledpanel.com","public"
"domain","labefactare.ru","public"
"domain","lacerare.ru","public"
"domain","lacosa.space","public"
"domain","lactuca.ru","public"
"domain","landolphia.ru","public"
"domain","landraba.website","public"
"domain","laricio.space","public"
"domain","latesa.ru","public"
"domain","lebetina.xyz","public"
"domain","lebrederm.space","public"
"domain","lebreman.space","public"
"domain","leeri.space","public"
"domain","leeri.xyz","public"
"domain","lepidopteras.ru","public"
"domain","leronti.space","public"
"domain","leucadendron.ru","public"
"domain","levisticum.ru","public"
"domain","liara.site","public"
"domain","liara.website","public"
"domain","liard.bounceme.net","public"
"domain","libcrash.ddns.net","public"
"domain","libda.site","public"
"domain","libdab.site","public"
"domain","libdac.site","public"
"domain","libdad.site","public"
"domain","libdade.site","public"
"domain","libdadi.site","public"
"domain","libdado.site","public"
"domain","libdaf.site","public"
"domain","libdag.site","public"
"domain","libdah.site","public"
"domain","libdak.site","public"
"domain","libdal.site","public"
"domain","libdam.site","public"
"domain","libdan.site","public"
"domain","libdas.site","public"
"domain","libellulat.ru","public"
"domain","libellulidae.ru","public"
"domain","liboot.myftp.biz","public"
"domain","libre-360.site","public"
"domain","libre-boot.ddns.net","public"
"domain","libre-crash.myftp.biz","public"
"domain","libre-exel.site","public"
"domain","libre-office.site","public"
"domain","libre-ppt.site","public"
"domain","libre-setting.myddns.me","public"
"domain","libre-templates.ddns.net","public"
"domain","libre-word.site","public"
"domain","libre1.space","public"
"domain","libre2.space","public"
"domain","libre3.space","public"
"domain","libre4.space","public"
"domain","libre5.space","public"
"domain","librebooton.ddns.net","public"
"domain","libredrives.myftp.org","public"
"domain","libreint.hopto.org","public"
"domain","librerty.space","public"
"domain","libres.space","public"
"domain","libresoft.ddns.net","public"
"domain","libressimo.space","public"
"domain","librework.ddns.net","public"
"domain","liferat.space","public"
"domain","lifista.space","public"
"domain","limenitis.ru","public"
"domain","limosa.ru","public"
"domain","lindras.space","public"
"domain","lineolatum.xyz","public"
"domain","lionello.website","public"
"domain","liquidambar.ru","public"
"domain","liqutan.xyz","public"
"domain","lisaduman.myddns.me","public"
"domain","lisbek.freedynamicdns.org","public"
"domain","lisingrout.ddns.net","public"
"domain","list-sert.ddns.net","public"
"domain","listenwork.ddns.net","public"
"domain","livas.3utilities.com","public"
"domain","loaderskypetm.webhop.me","public"
"domain","loadsoulip.serveftp.com","public"
"domain","lobanus.hopto.org","public"
"domain","lodafert.hopto.org","public"
"domain","lodgetus.myftp.biz","public"
"domain","lodisak-gid.myddns.me","public"
"domain","lodukat.freedynamicdns.org","public"
"domain","lodurawer.bounceme.net","public"
"domain","lodus.freedynamicdns.org","public"
"domain","longar.xyz","public"
"domain","lookups.ddns.net","public"
"domain","loomand.space","public"
"domain","lopasir.bounceme.net","public"
"domain","lopaverus.3utilities.com","public"
"domain","lotari.xyz","public"
"domain","louthi.space","public"
"domain","lupulus.ru","public"
"domain","luser-kas.myftp.biz","public"
"domain","lustra-tv.ddns.net","public"
"domain","lutea.space","public"
"domain","lutea.website","public"
"domain","lutea.xyz","public"
"domain","lycopodium.ru","public"
"domain","m-upd.ddns.net","public"
"domain","macdocs.ddns.net","public"
"domain","macropodus.xyz","public"
"domain","macros.freedynamicdns.org","public"
"domain","macros1.space","public"
"domain","macros2.space","public"
"domain","macros3.space","public"
"domain","macros4.space","public"
"domain","macros5.space","public"
"domain","macrotomias.xyz","public"
"domain","maculatum.xyz","public"
"domain","mail-check.ru","public"
"domain","mail-iua.site","public"
"domain","mail.file-attachments.ru","public"
"domain","mails.redirectme.net","public"
"domain","malaky.site","public"
"domain","malaky.website","public"
"domain","malaky.xyz","public"
"domain","malandi.space","public"
"domain","maliko-dicto.myftp.biz","public"
"domain","malikos.hopto.org","public"
"domain","malio-tv.hopto.org","public"
"domain","mallotus.ru","public"
"domain","malofid.freedynamicdns.org","public"
"domain","maltikor.website","public"
"domain","mamillosa.space","public"
"domain","mamillosa.xyz","public"
"domain","mandicap.space","public"
"domain","manihot.ru","public"
"domain","maniola.ru","public"
"domain","mantodeas.online","public"
"domain","mapper.space","public"
"domain","mardallo.space","public"
"domain","margatti.space","public"
"domain","margon.website","public"
"domain","marinus.xyz","public"
"domain","marishka.ddns.net","public"
"domain","marmari.space","public"
"domain","marrubium.ru","public"
"domain","mars-ru.ru","public"
"domain","marsupiata.xyz","public"
"domain","marsupium.space","public"
"domain","masseffect.fun","public"
"domain","masseffect.site","public"
"domain","masseffect.space","public"
"domain","masseffect.website","public"
"domain","matricaria.ru","public"
"domain","mazdok.myftp.org","public"
"domain","meandrusas.online","public"
"domain","mediacentr.space","public"
"domain","megascolias.online","public"
"domain","melilotus.ru","public"
"domain","melitaeas.online","public"
"domain","melos.myftp.biz","public"
"domain","melroses.space","public"
"domain","ment.freedynamicdns.org","public"
"domain","menyanthes.ru","public"
"domain","merostomata.ru","public"
"domain","mersi-tv.ddns.net","public"
"domain","mesogonistius.xyz","public"
"domain","message-office.ddns.net","public"
"domain","mestara.space","public"
"domain","metcalfas.online","public"
"domain","metro-exodus.ddns.net","public"
"domain","mezereum.xyz","public"
"domain","micro-office.ddns.net","public"
"domain","micro-set.ddns.net","public"
"domain","microsoft-analise.site","public"
"domain","microsoft-bits.site","public"
"domain","microsoft-macros.site","public"
"domain","microsoft-office.site","public"
"domain","microsoft-single.ddns.net","public"
"domain","microsoft-usb.site","public"
"domain","microwords.3utilities.com","public"
"domain","microwords.bounceme.net","public"
"domain","midos.hopto.org","public"
"domain","mikhailkasimov.myftp.biz","public"
"domain","mikhailkasimov.myftp.org","public"
"domain","military-ua.ddns.net","public"
"domain","millefolium.xyz","public"
"domain","milosetuder.myftp.biz","public"
"domain","milovardi.myftp.org","public"
"domain","milrodus.myftp.biz","public"
"domain","miragena.xyz","public"
"domain","mirani.website","public"
"domain","mirkwood.space","public"
"domain","misgurnus.xyz","public"
"domain","mishail.freedynamicdns.org","public"
"domain","mishel.freedynamicdns.org","public"
"domain","mokushi.space","public"
"domain","montanar.xyz","public"
"domain","morella.website","public"
"domain","morella.xyz","public"
"domain","moris.hopto.org","public"
"domain","morphinaes.online","public"
"domain","morphon.online","public"
"domain","mototo.fun","public"
"domain","mototo.site","public"
"domain","mototo.space","public"
"domain","mototo.website","public"
"domain","msrestore.ru","public"
"domain","mugil.ru","public"
"domain","murinus.xyz","public"
"domain","musata.space","public"
"domain","musik-dreg.ddns.net","public"
"domain","musik-erta.ddns.net","public"
"domain","musik-file.ddns.net","public"
"domain","musik-jiolter.ddns.net","public"
"domain","musik-klo.ddns.net","public"
"domain","musik-kreps.ddns.net","public"
"domain","musik-lio.ddns.net","public"
"domain","musik-lis.ddns.net","public"
"domain","musik-lk.ddns.net","public"
"domain","musik-lopasur.ddns.net","public"
"domain","musik-oretus.ddns.net","public"
"domain","musik-pit.ddns.net","public"
"domain","musik-qas.ddns.net","public"
"domain","musik-qasdfer.ddns.net","public"
"domain","musik-sa.ddns.net","public"
"domain","musik-sqr.ddns.net","public"
"domain","my-certificates.ddns.net","public"
"domain","my-update.ddns.net","public"
"domain","mydinos.myddns.me","public"
"domain","myimage.host","public"
"domain","mykarina.ddns.net","public"
"domain","myoporoides.xyz","public"
"domain","myristica.ru","public"
"domain","myrrhan.xyz","public"
"domain","mystaceus.xyz","public"
"domain","najar.xyz","public"
"domain","naligo.space","public"
"domain","naomat.space","public"
"domain","napellus.xyz","public"
"domain","napus.xyz","public"
"domain","nato-drp.ddns.net","public"
"domain","nato-spr.ddns.net","public"
"domain","natos-drp.ddns.net","public"
"domain","naveria.website","public"
"domain","ncio.freedynamicdns.net","public"
"domain","ncov-2019.site","public"
"domain","ncov-2020.hopto.org","public"
"domain","ncov-2020.site","public"
"domain","nebola.space","public"
"domain","nebora.space","public"
"domain","nellas.space","public"
"domain","nemachilus.xyz","public"
"domain","nematoceras.online","public"
"domain","nematoceras.ru","public"
"domain","nenadi.space","public"
"domain","nervin.space","public"
"domain","netinsurance.site","public"
"domain","network-crash.ddns.net","public"
"domain","new-club.ddns.net","public"
"domain","new-template.site","public"
"domain","newermin.space","public"
"domain","newryidzjk.hopto.org","public"
"domain","niam.space","public"
"domain","nikao.website","public"
"domain","nikolosad.myftp.org","public"
"domain","niloticu.xyz","public"
"domain","niloticus.ru","public"
"domain","niso.gotdns.ch","public"
"domain","nlmk.space","public"
"domain","noctuidaes.online","public"
"domain","normal-template.site","public"
"domain","normandia.fun","public"
"domain","normandia.website","public"
"domain","nowerti.space","public"
"domain","nubiran.space","public"
"domain","nucifera.xyz","public"
"domain","numan.bounceme.net","public"
"domain","nymphalidaes.online","public"
"domain","obendo.space","public"
"domain","obstetricans.xyz","public"
"domain","occidentale.xyz","public"
"domain","oenanthe.ru","public"
"domain","office-carambol.ddns.net","public"
"domain","office-constructor.ddns.net","public"
"domain","office-crash.ddns.net","public"
"domain","office-lite.ddns.net","public"
"domain","office-menedgment.ddns.net","public"
"domain","office-out.ddns.net","public"
"domain","office-updates.ddns.net","public"
"domain","officinale.space","public"
"domain","officinalis.xyz","public"
"domain","oficialsite.webhop.me","public"
"domain","ogmar.fun","public"
"domain","ogmar.site","public"
"domain","ogmar.space","public"
"domain","ogmar.website","public"
"domain","ogremage.site","public"
"domain","ogremage.space","public"
"domain","ogremage.website","public"
"domain","old-template.site","public"
"domain","oleifera.xyz","public"
"domain","olida.xyz","public"
"domain","ononis.ru","public"
"domain","onyxi.xyz","public"
"domain","opatusir.hopto.org","public"
"domain","oper-getor.gotdns.ch","public"
"domain","opercularis.xyz","public"
"domain","operitors.myftp.org","public"
"domain","operkot.freedynamicdns.org","public"
"domain","opertos.freedynamicdns.org","public"
"domain","ophisaurus.xyz","public"
"domain","ophisaurusis.xyz","public"
"domain","opitrqwer.3utilities.com","public"
"domain","optica-rd.myftp.biz","public"
"domain","optima-se.ddns.net","public"
"domain","oput.freedynamicdns.org","public"
"domain","orangae.space","public"
"domain","orbicularis.ru","public"
"domain","orizoh88.ddns.net","public"
"domain","orlani.xyz","public"
"domain","orlean.space","public"
"domain","orlenndi.space","public"
"domain","ornus.xyz","public"
"domain","orteasd-tv.ddns.net","public"
"domain","ortukatus.hopto.org","public"
"domain","ostruthium.space","public"
"domain","oteruiowert.ddns.net","public"
"domain","outfish.bounceme.net","public"
"domain","overload.space","public"
"domain","overload.website","public"
"domain","overwatch.host","public"
"domain","ovinus.ru","public"
"domain","oxycedrus.ru","public"
"domain","palaquium.ru","public"
"domain","pallida.ru","public"
"domain","palodus.myftp.biz","public"
"domain","panchax.ru","public"
"domain","pankratios.myftp.org","public"
"domain","pankus.3utilities.com","public"
"domain","pannora.website","public"
"domain","papai-tv.ddns.net","public"
"domain","paparije.ddns.net","public"
"domain","paparitto.space","public"
"domain","papatti.space","public"
"domain","papaver.space","public"
"domain","papayana.xyz","public"
"domain","paperonni.space","public"
"domain","papir.hopto.org","public"
"domain","paraguariensi.ru","public"
"domain","pardi-tv.ddns.net","public"
"domain","parkingdoma.webhop.me","public"
"domain","parthenium.space","public"
"domain","pasive.ddns.net","public"
"domain","pasucoorew.hopto.org","public"
"domain","pasudukus.hopto.org","public"
"domain","patran.space","public"
"domain","patrici.space","public"
"domain","paullinia.space","public"
"domain","payena.space","public"
"domain","pedicellata.xyz","public"
"domain","pennatifolius.space","public"
"domain","pennyal.space","public"
"domain","perafidors.hopto.org","public"
"domain","perastyuer.myftp.biz","public"
"domain","perca.xyz","public"
"domain","perdector.hopto.org","public"
"domain","pereirae.ru","public"
"domain","periaorew.hopto.org","public"
"domain","perlandi.space","public"
"domain","persit.space","public"
"domain","pestani.space","public"
"domain","pestola.space","public"
"domain","petroselinum.space","public"
"domain","petulans.ru","public"
"domain","phellandrium.ru","public"
"domain","philippensis.ru","public"
"domain","phrynocephalus.xyz","public"
"domain","phyllomedusa.xyz","public"
"domain","physostigma.space","public"
"domain","piantra.website","public"
"domain","picea.space","public"
"domain","pilocarpus.space","public"
"domain","pinus.space","public"
"domain","pipasa.xyz","public"
"domain","piscidia.space","public"
"domain","pistacia.space","public"
"domain","pk01.ddns.net","public"
"domain","pk02.ddns.net","public"
"domain","pk03.ddns.net","public"
"domain","plotor.space","public"
"domain","po-hg.freedynamicdns.org","public"
"domain","po01.ddns.net","public"
"domain","po02.ddns.net","public"
"domain","po03.ddns.net","public"
"domain","poasdrwety.hopto.org","public"
"domain","podagenus.hopto.org","public"
"domain","podr-tv.ddns.net","public"
"domain","pointerra.space","public"
"domain","poizader.hopto.org","public"
"domain","pokis-to.hopto.org","public"
"domain","polandi.website","public"
"domain","poletton.space","public"
"domain","poligjong.webhop.me","public"
"domain","polindar.space","public"
"domain","polistar.ddns.net","public"
"domain","polits.freedynamicdns.org","public"
"domain","polk.freedynamicdns.org","public"
"domain","polygala.space","public"
"domain","polyphemus.ru","public"
"domain","polyporus.website","public"
"domain","polyporus.xyz","public"
"domain","pomfreti.ru","public"
"domain","poporaca.website","public"
"domain","porilis.space","public"
"domain","poronoc.website","public"
"domain","posateriu.myftp.org","public"
"domain","potatin.space","public"
"domain","poyrag.space","public"
"domain","pragma-tv.ddns.net","public"
"domain","precatoriusis.xyz","public"
"domain","predf-tv.ddns.net","public"
"domain","pridafi.website","public"
"domain","primaver.space","public"
"domain","procumbens.xyz","public"
"domain","progib.space","public"
"domain","proponda.space","public"
"domain","proserpinus.online","public"
"domain","proserpinus.ru","public"
"domain","provansales.ddns.net","public"
"domain","proxy-spread.ru","public"
"domain","prunus.space","public"
"domain","pterocarpus.space","public"
"domain","punica.space","public"
"domain","purpurea.xyz","public"
"domain","purshiana.space","public"
"domain","pyrethrum.xyz","public"
"domain","quadrivalvis.space","public"
"domain","quarta.space","public"
"domain","quassia.space","public"
"domain","quercus.space","public"
"domain","quillaja.space","public"
"domain","rabio.website","public"
"domain","radonta.space","public"
"domain","raggina.space","public"
"domain","rainak.space","public"
"domain","ranar.xyz","public"
"domain","rantai.space","public"
"domain","rashta.space","public"
"domain","realy.ddns.net","public"
"domain","redict.ddns.net","public"
"domain","redisman.ddns.net","public"
"domain","redukos.bounceme.net","public"
"domain","refox.freedynamicdns.org","public"
"domain","regionem.ru","public"
"domain","reiloster.hopto.org","public"
"domain","rekarda.space","public"
"domain","reklama-network.ddns.net","public"
"domain","reklamgroup.ddns.net","public"
"domain","remeno.space","public"
"domain","repens.xyz","public"
"domain","resinifera.xyz","public"
"domain","restorg.space","public"
"domain","restors.ddns.net","public"
"domain","retusus.xyz","public"
"domain","reverus.myftp.biz","public"
"domain","rhamnus.space","public"
"domain","rheum.space","public"
"domain","rhinoderma.xyz","public"
"domain","rhodeus.xyz","public"
"domain","rhus.space","public"
"domain","ricinus.space","public"
"domain","ridibunda.xyz","public"
"domain","riki.space","public"
"domain","risko.hopto.org","public"
"domain","rms.admin-ru.ru","public"
"domain","rnbo-ua.ddns.net","public"
"domain","roseum.space","public"
"domain","rosmarinus.space","public"
"domain","rossalt.space","public"
"domain","roundi.space","public"
"domain","rubus.space","public"
"domain","rud.ddns.net","public"
"domain","rufescens.ru","public"
"domain","rulomins.world","public"
"domain","rumpere.ru","public"
"domain","russic.website","public"
"domain","rutilus.xyz","public"
"domain","saazer.space","public"
"domain","sabdja.3utilities.com","public"
"domain","sabinar.website","public"
"domain","saccharum.space","public"
"domain","safer.3utilities.com","public"
"domain","saijar.gotdns.ch","public"
"domain","saja.myftp.biz","public"
"domain","sakidus.myftp.org","public"
"domain","sakira.3utilities.com","public"
"domain","salioert.3utilities.com","public"
"domain","salivar.space","public"
"domain","saltator.ru","public"
"domain","samail.space","public"
"domain","samak-tv.ddns.net","public"
"domain","samalo.space","public"
"domain","samarutus.hopto.org","public"
"domain","sambiras.myftp.org","public"
"domain","samerkiss.hopto.org","public"
"domain","samotsvety.com.ua","public"
"domain","samson.3utilities.com","public"
"domain","samsorud.myftp.biz","public"
"domain","sangorits.hopto.org","public"
"domain","santalum.space","public"
"domain","saponaria.space","public"
"domain","saprit.fun","public"
"domain","saprit.site","public"
"domain","saprit.space","public"
"domain","saprit.website","public"
"domain","saradot.gotdns.ch","public"
"domain","sarakinod.myftp.biz","public"
"domain","sardanal.ru","public"
"domain","sarothamnus.xyz","public"
"domain","sarutnoum.hopto.org","public"
"domain","sativara.xyz","public"
"domain","sativum.space","public"
"domain","sativum.xyz","public"
"domain","sativus.xyz","public"
"domain","satkower.3utilities.com","public"
"domain","sauryn.ru","public"
"domain","saveriutew.3utilities.com","public"
"domain","savert-tv.hopto.org","public"
"domain","saxifraga.space","public"
"domain","schmuckkasim.3utilities.com","public"
"domain","schrenchi.xyz","public"
"domain","scincus.xyz","public"
"domain","sclerops.xyz","public"
"domain","scolopaxys.ru","public"
"domain","scoparius.xyz","public"
"domain","scopolia.space","public"
"domain","scorodosma.xyz","public"
"domain","scr-out.ddns.net","public"
"domain","sebaer.xyz","public"
"domain","sehadus.3utilities.com","public"
"domain","sekuso.freedynamicdns.org","public"
"domain","selena.myftp.biz","public"
"domain","seletos.3utilities.com","public"
"domain","seliconos.3utilities.com","public"
"domain","sempervirens.space","public"
"domain","sempervirens.xyz","public"
"domain","sendobin.space","public"
"domain","senega.space","public"
"domain","senegala.xyz","public"
"domain","serakuz.freedynamicdns.org","public"
"domain","serpyllum.space","public"
"domain","serumondus.hopto.org","public"
"domain","service-device.ddns.net","public"
"domain","sesamum.space","public"
"domain","settings-meta-ua.site","public"
"domain","settings-ukr.net","public"
"domain","sevena.space","public"
"domain","shabal.space","public"
"domain","shadowchasergroup.hopto.org","public"
"domain","shell-create.ddns.net","public"
"domain","shell-sertificates.ddns.net","public"
"domain","sheppard.fun","public"
"domain","sheppard.website","public"
"domain","shiodai.space","public"
"domain","shokoda.xyz","public"
"domain","shoppersi.space","public"
"domain","sidochan.space","public"
"domain","silenser.fun","public"
"domain","silenser.site","public"
"domain","silenser.space","public"
"domain","silenser.website","public"
"domain","silenser.xyz","public"
"domain","silvestris.xyz","public"
"domain","sinapis.space","public"
"domain","sinensisa.ru","public"
"domain","single-office.ddns.net","public"
"domain","singles-office.ddns.net","public"
"domain","siold-tv.ddns.net","public"
"domain","siwer-to.hopto.org","public"
"domain","skrembler.hopto.org","public"
"domain","skymage.fun","public"
"domain","skymage.space","public"
"domain","skymage.website","public"
"domain","skypeemocache.ru","public"
"domain","skypeupdate.ru","public"
"domain","slonar.website","public"
"domain","smt.freedynamicdns.org","public"
"domain","smtpserver.site","public"
"domain","solod.bounceme.net","public"
"domain","solonra.space","public"
"domain","somniferum.ru","public"
"domain","sonik.hopto.org","public"
"domain","sorg.space","public"
"domain","sort.freedynamicdns.org","public"
"domain","sovetkirov.ddns.net","public"
"domain","spbpool.ddns.net","public"
"domain","sphaerion.ru","public"
"domain","spirantra.space","public"
"domain","splin-body.site","public"
"domain","splin-body1.site","public"
"domain","splin-upd.site","public"
"domain","splin-upd1.site","public"
"domain","spr-d1.ddns.net","public"
"domain","spr-d2.ddns.net","public"
"domain","spr-d3.ddns.net","public"
"domain","spr-d5.ddns.net","public"
"domain","spr-d6.ddns.net","public"
"domain","spr-files.ddns.net","public"
"domain","spr-u.ddns.net","public"
"domain","spr-updates.ddns.net","public"
"domain","sprata.ru","public"
"domain","spread-notify.info","public"
"domain","spread-service.ru","public"
"domain","spread-ss.ru","public"
"domain","spread-system.info","public"
"domain","spread-updates.ru","public"
"domain","spread.crimea.com","public"
"domain","spread01.crimea.com","public"
"domain","sprengel.xyz","public"
"domain","squarosa.ru","public"
"domain","srarda.space","public"
"domain","srv166997.hoster-test.ru","public"
"domain","srv186-h-st.jino.ru","public"
"domain","ssu-gov.site","public"
"domain","ssu-gov.website","public"
"domain","stairu.space","public"
"domain","stan-stana.fun","public"
"domain","stan-stana.site","public"
"domain","stan-stana.space","public"
"domain","stan-stana.website","public"
"domain","staphisagria.xyz","public"
"domain","start-usb.ddns.net","public"
"domain","statsinfo.space","public"
"domain","steinh.space","public"
"domain","stenama.space","public"
"domain","stereo-bit.fun","public"
"domain","stereo-bit.site","public"
"domain","stereo-bit.space","public"
"domain","stereo-bit.website","public"
"domain","stive.hopto.org","public"
"domain","stolina.website","public"
"domain","stomarra.space","public"
"domain","stonewa.space","public"
"domain","stor.tainfo.com.ua","public"
"domain","stramonium.xyz","public"
"domain","strigigena.ru","public"
"domain","strychnos.space","public"
"domain","styrax.space","public"
"domain","succedanea.space","public"
"domain","sufflari.ru","public"
"domain","suffundi.ru","public"
"domain","suffunditur.ru","public"
"domain","suipost.ddns.net","public"
"domain","superfluere.ru","public"
"domain","superfundi.ru","public"
"domain","supp.webhop.me","public"
"domain","susget.hopto.org","public"
"domain","sushi-bar.ddns.net","public"
"domain","sv-menedgment.ddns.net","public"
"domain","syio-tv.ddns.net","public"
"domain","sylvatica.xyz","public"
"domain","sylvestris.ru","public"
"domain","symphytum.space","public"
"domain","tamarindus.space","public"
"domain","taphrometopon.xyz","public"
"domain","tarapi.space","public"
"domain","taraxacum.space","public"
"domain","tclvds.site","public"
"domain","tekora.space","public"
"domain","tele.3utilities.com","public"
"domain","telemetriya.hopto.org","public"
"domain","telo-spread.ddns.net","public"
"domain","tempcr.ddns.net","public"
"domain","tempget.ddns.net","public"
"domain","templates.hopto.org","public"
"domain","temppost.ddns.net","public"
"domain","tempwook.ddns.net","public"
"domain","teratoscincus.xyz","public"
"domain","terihorew.hopto.org","public"
"domain","teriosad.myftp.org","public"
"domain","teris-tv.ddns.net","public"
"domain","termit.site","public"
"domain","termit.space","public"
"domain","termit.website","public"
"domain","termits.fun","public"
"domain","terokitos.hopto.org","public"
"domain","tesla-fun.ddns.net","public"
"domain","tesla-getro.ddns.net","public"
"domain","tesla-iu.ddns.net","public"
"domain","tesla-ny.ddns.net","public"
"domain","tesla-opt.ddns.net","public"
"domain","tesla-pos.ddns.net","public"
"domain","tesla-preat.ddns.net","public"
"domain","tesla-res.ddns.net","public"
"domain","tesla-rt.ddns.net","public"
"domain","tesla-tehno.ddns.net","public"
"domain","tesla-tui.ddns.net","public"
"domain","tesla-ufis.ddns.net","public"
"domain","tesla-unit.ddns.net","public"
"domain","tesla-uos.ddns.net","public"
"domain","testudos.ru","public"
"domain","thean.xyz","public"
"domain","theobroma.space","public"
"domain","thymus.space","public"
"domain","tiamor.space","public"
"domain","tiglium.xyz","public"
"domain","tigrinum.xyz","public"
"domain","tilapian.ru","public"
"domain","tilia.space","public"
"domain","timewer.space","public"
"domain","tinctorum.space","public"
"domain","tinea.xyz","public"
"domain","toluifera.ru","public"
"domain","topline.myftp.org","public"
"domain","toqq.website","public"
"domain","tor-file.ddns.net","public"
"domain","torent-updates.ddns.net","public"
"domain","torrent-stel.space","public"
"domain","torrent-supd.space","public"
"domain","torrent-updates.ddns.net","public"
"domain","torrent-videos.ddns.net","public"
"domain","torrent-vnc.ddns.net","public"
"domain","tortilla.sytes.net","public"
"domain","totilla.xyz","public"
"domain","tovar-es.ddns.net","public"
"domain","toxifera.space","public"
"domain","traksa.space","public"
"domain","trelial.xyz","public"
"domain","treubii.ru","public"
"domain","triandra.ru","public"
"domain","trichogaster.xyz","public"
"domain","trichopodus.xyz","public"
"domain","trichopterus.xyz","public"
"domain","trifoliata.ru","public"
"domain","trigonatus.xyz","public"
"domain","trigonella.space","public"
"domain","triticum.space","public"
"domain","triticum.xyz","public"
"domain","triturus.xyz","public"
"domain","troubl.xyz","public"
"domain","tuberculata.xyz","public"
"domain","tunara.ru","public"
"domain","turgescere.ru","public"
"domain","tussilago.space","public"
"domain","tyctyc.ddns.net","public"
"domain","u-opt.ddns.net","public"
"domain","uidertu.myddns.me","public"
"domain","ukraina-drp.ddns.net","public"
"domain","ukraine-news.ddns.net","public"
"domain","ukrnet.serveftp.com","public"
"domain","ukrway.galaktion.ru","public"
"domain","ulmifolia.space","public"
"domain","umachka.ua","public"
"domain","uncaria.space","public"
"domain","underlord.fun","public"
"domain","underlord.site","public"
"domain","underlord.space","public"
"domain","unhcr.ddns.net","public"
"domain","update-service.net","public"
"domain","update-spread.ddns.net","public"
"domain","updates-spread.ddns.net","public"
"domain","updates-spreadwork.pw","public"
"domain","updatesp.ddns.net","public"
"domain","updateviber.sytes.net","public"
"domain","upload-dot.hopto.org","public"
"domain","upokan.xyz","public"
"domain","urceola.space","public"
"domain","urginea.space","public"
"domain","urostigma.xyz","public"
"domain","us01.ddns.net","public"
"domain","us02.ddns.net","public"
"domain","us03.ddns.net","public"
"domain","usbqueshions.ddns.net","public"
"domain","usitatissimum.ru","public"
"domain","uspread.webhop.me","public"
"domain","uspread2.webhop.me","public"
"domain","ut01.ddns.net","public"
"domain","ut02.ddns.net","public"
"domain","ut03.ddns.net","public"
"domain","utilissima.ru","public"
"domain","vabalt.space","public"
"domain","valeriana.space","public"
"domain","valet-din.hopto.org","public"
"domain","validat.freedynamicdns.org","public"
"domain","vantalio.space","public"
"domain","varanus.xyz","public"
"domain","varas.myftp.biz","public"
"domain","variare.ru","public"
"domain","venomart.space","public"
"domain","veratrum.space","public"
"domain","verbascum.space","public"
"domain","vernalisa.xyz","public"
"domain","veronis.space","public"
"domain","vertigos.space","public"
"domain","vesea.xyz","public"
"domain","vestak.space","public"
"domain","veterra.space","public"
"domain","vibraska.website","public"
"domain","victios.space","public"
"domain","vidika.website","public"
"domain","vilaged.freedynamicdns.org","public"
"domain","vimpel.3utilities.com","public"
"domain","vinara.xyz","public"
"domain","vincula.ru","public"
"domain","vinifera.space","public"
"domain","violina.space","public"
"domain","violina.website","public"
"domain","vipera.xyz","public"
"domain","virginiana.space","public"
"domain","viridiflorus.ru","public"
"domain","virtuz.xyz","public"
"domain","viruanta.website","public"
"domain","viscum.space","public"
"domain","visla.myftp.org","public"
"domain","vitis.space","public"
"domain","vnc-new.ddns.net","public"
"domain","vois.gotdns.ch","public"
"domain","volotin.space","public"
"domain","vomica.space","public"
"domain","voyager.myftp.biz","public"
"domain","voyaget.myftp.biz","public"
"domain","vratio.space","public"
"domain","vulgare.space","public"
"domain","vulgarisa.xyz","public"
"domain","wakrims.hopto.org","public"
"domain","wallich.xyz","public"
"domain","ward.fun","public"
"domain","wareface.ddns.net","public"
"domain","watcher.host","public"
"domain","watsonii.ru","public"
"domain","wavera.space","public"
"domain","wayto.host","public"
"domain","wayto.website","public"
"domain","weaman.space","public"
"domain","webclidie.webhop.me","public"
"domain","weeklite.ddns.net","public"
"domain","werdikt.ddns.net","public"
"domain","wertlook.hopto.org","public"
"domain","weweca.website","public"
"domain","wifa.site","public"
"domain","wifa.space","public"
"domain","wifa.website","public"
"domain","wifb.site","public"
"domain","wifb.space","public"
"domain","wifb.website","public"
"domain","wifc.host","public"
"domain","wifc.site","public"
"domain","wifc.space","public"
"domain","wifc.website","public"
"domain","wifo.host","public"
"domain","wifo.site","public"
"domain","wifo.space","public"
"domain","wifo.website","public"
"domain","wifu.site","public"
"domain","wifu.space","public"
"domain","wifu.website","public"
"domain","wifx.site","public"
"domain","wify.space","public"
"domain","wify.website","public"
"domain","wiilasto.website","public"
"domain","wildbar.space","public"
"domain","willder.xyz","public"
"domain","win-apu.ddns.net","public"
"domain","win-gu.ddns.net","public"
"domain","win-restore.ru","public"
"domain","win-ss.ddns.net","public"
"domain","wincreator.ddns.net","public"
"domain","winloaded.sytes.net","public"
"domain","winroutes.ddns.net","public"
"domain","winrouts.ddns.net","public"
"domain","winupdateloader.ru","public"
"domain","wizartopen.ddns.net","public"
"domain","woodstone.space","public"
"domain","word-checker.site","public"
"domain","word-gread.ddns.net","public"
"domain","word-help.3utilities.com","public"
"domain","word-lis.myftp.org","public"
"domain","word-office.myftp.biz","public"
"domain","word-online.site","public"
"domain","word-proxy.site","public"
"domain","word-service.site","public"
"domain","word-update.site","public"
"domain","word-web.gotdns.ch","public"
"domain","worddebuks.myftp.org","public"
"domain","worddrives.myftp.biz","public"
"domain","wordfix.myftp.org","public"
"domain","wordgroup.bounceme.net","public"
"domain","wordgroup.myftp.biz","public"
"domain","wordmacros.space","public"
"domain","wordpress-id.hopto.org","public"
"domain","wordpress.gotdns.ch","public"
"domain","wordqueshion.ddns.net","public"
"domain","workan.ddns.net","public"
"domain","workusb.ddns.net","public"
"domain","wostrigo.website","public"
"domain","wq01.ddns.net","public"
"domain","wq02.ddns.net","public"
"domain","wq03.ddns.net","public"
"domain","writedoc.bounceme.net","public"
"domain","xakep.fun","public"
"domain","xakep.site","public"
"domain","xakep.website","public"
"domain","xn--delphnium-k5a.xyz","public"
"domain","yfperoliz.webhop.me","public"
"domain","yiorewasdf.myftp.org","public"
"domain","yotaset.ddns.net","public"
"domain","yousister.ddns.net","public"
"domain","zanusson.website","public"
"domain","zanzar.space","public"
"domain","zaoeryuijas.hopto.org","public"
"domain","zareton.space","public"
"domain","zariks.ddns.net","public"
"domain","zaxscdvf.online","public"
"domain","zedoaria.xyz","public"
"domain","zikoarew.myftp.biz","public"
"domain","zingiber.space","public"
"domain","zombieland.fun","public"
"domain","zombieland.host","public"
"domain","zombieland.info","public"
"domain","zombieland.space","public"
"domain","zombieland.website","public"
